id,code,event,element_group,name,alias,difficulty,row_number,column_num,start_direction,end_direction,element_type
1,I1,1,1,倒立から下ろして(開脚前挙or脚前挙)支持(2秒),,1,1,1,,,3
2,I2,1,1,脚上挙支持(2秒),,2,1,2,,,3
3,I3,1,1,脚上挙支持(脚が水平、2秒),マンナ,3,1,3,,,3
4,I7,1,1,立位から伸腕屈身力倒立(2秒),,1,2,1,,,3
5,I8,1,1,伸腕屈身閉脚力倒立(2秒),,2,2,2,,,3
6,I8,1,1,屈腕伸身力倒立(2秒),,2,3,2,,,3
7,I9,1,1,脚上挙支持(2秒)から伸腕屈身閉脚力倒立(2秒),,3,2,3,,,3
8,I10,1,1,マンナ(2秒)から伸腕屈身閉脚力倒立(2秒),,4,2,4,,,3
9,I13,1,1,正面支持臥から勢いをつけて屈腕伸身力倒立(2秒),,1,4,1,,,3
10,I14,1,1,開脚座or脚前挙or開脚前挙or正面支持から伸腕屈身力倒立(2秒),,2,4,2,,,3
11,I16,1,1,マンナ(2秒)から肩転位して倒立(2秒),,4,4,4,,,3
12,I19,1,1,倒立(2秒),,1,5,1,,,
13,I20,1,1,倒立から下ろして十字倒立(2秒),,2,5,2,,,3
14,I21,1,1,伸腕屈身力十字力倒立(2秒),,3,5,3,,,3
15,I25,1,1,開脚上水平支持(2秒),,1,6,1,,,3
16,I27,1,1,上水平支持(2秒) or 中水平支持(2秒),,3,6,3,,,3
17,I31,1,1,倒立ひねりor倒立1回ひねり,,1,7,1,,,
18,I32,1,1,開脚上水平支持から伸腕伸身力倒立(2秒),,2,7,2,,,3
19,I34,1,1,上水平支持から伸腕伸身力十字倒立(2秒),,4,7,4,,,3
20,I34,1,1,中水平支持から伸腕伸身力十字倒立(2秒),アルバニロ,4,8,4,,,3
21,I37,1,1,脚上挙などから後方回転開脚立ち,,1,8,1,,,3
22,I44,1,1,倒立前転開脚浮腰支持経過倒立(2秒),,2,9,2,,,3
23,I45,1,1,倒立から伸膝前転脚前挙支持経過倒立(2秒),,3,9,3,,,3
24,I49,1,1,前方倒立回転,,1,10,1,,,
25,I55,1,1,前後開脚座（2秒）or左右開脚座（2秒）,,1,11,1,,,
26,I61,1,1,片足平均立ち(2秒：正面、側面、背面),,1,12,1,,,
27,I62,1,1,脚を保持しない180°片足平均立ち(2秒：正面、側面、背面),,2,12,2,,,
28,I67,1,1,後ろとび正面支持臥,,1,13,1,,,
29,I68,1,1,屈、伸身後ろとび正面支持臥(エンドー),,2,13,2,,,
30,I73,1,1,バタフライ,,1,14,1,,,
31,I74,1,1,バタフライ1回ひねり,トンフェイ,2,14,2,,,
32,I75,1,1,バタフライ2回ひねり,,3,14,3,,,
33,I79,1,1,旋回(開脚・閉脚),,1,15,1,,,4
34,I80,1,1,旋回倒立(開脚or閉脚),,2,15,2,,,4
35,I81,1,1,旋回倒立、振り下ろして旋回(開脚or閉脚),ゴゴラーゼ,3,15,3,,,4
36,I82,1,1,開脚旋回倒立、とび1回ひねり開脚旋回,,4,15,4,,,4
37,I86,1,1,倒立から下ろして旋回(開脚or閉脚),,2,16,2,,,4
38,I91,1,1,開脚旋回ひねり,,1,17,1,,,4
39,I92,1,1,開脚旋回1回ひねり,,2,17,2,,,4
40,I93,1,1,(閉脚or開脚)旋回1回ひねり倒立,,3,17,3,,,4
41,I98,1,1,開脚旋回ひねり倒立,,2,18,2,,,4
42,I100,1,1,開脚旋回1回ひねり倒立、振り下して(閉脚or開脚)旋回,,4,18,4,,,4
43,I103,1,1,下向き(360°or540°)転向,,1,19,1,,,4
44,I104,1,1,下向き(720°or900°)転向,,2,19,2,,,4
45,I105,1,1,下向き1080°(以上)転向,フェドルチェンコ,3,19,3,,,4
46,I109,1,1,後転倒立ひねり,,1,20,1,,,
47,I110,1,1,後転倒立とび1回ひねり,,2,20,2,,,
48,II1,1,2,前転とび,,1,1,1,,1,
49,II4,1,2,前転とび前方抱え込み宙返り,モランディ,4,1,4,,1,
50,II7,1,2,伸身前とび前転,,1,2,1,1,,
51,II13,1,2,前方(抱え込みor屈身)宙返り,,1,3,1,1,1,
52,II13,1,2,前方(抱え込みor屈身)宙返り1/2ひねり,,1,4,1,1,2,
53,II14,1,2,前方伸身宙返り,,2,3,2,1,1,
54,II14,1,2,前方伸身宙返り1/2ひねり,,2,4,2,1,2,1
55,II16,1,2,前方抱え込み2回宙返り,,4,3,4,1,1,2
56,II16,1,2,前方抱え込み2回宙返り1/2ひねり,,4,4,4,1,2,2
57,II17,1,2,前方屈身2回宙返り,,5,3,5,1,1,2
58,II17,1,2,前方屈身2回宙返り1/2ひねり,,5,4,5,1,2,2
59,II36,1,2,前方抱え込み2回宙返り1回ひねり,,6,4,6,1,1,2
60,II38,1,2,前方(抱え込みor屈身)宙返り正面支持臥,,2,5,2,1,,
61,II42,1,2,前方抱え込み2回宙返り3/2ひねり,ザパタ,6,5,6,1,2,2
62,II46,1,2,前とび1/2ひねり後方抱え込み2回宙返り,デフェル,4,6,4,1,2,2
63,II48,1,2,前方伸身2回宙返り3/2ひねり,ザパタ2,7,6,7,1,2,2
64,III1,1,3,後方(抱え込みor屈身)宙返り,,1,1,1,2,2,
65,III2,1,3,後方伸身宙返りor後方速伸身宙返り,,2,1,2,2,2,
66,III3,1,3,後方抱え込み2回宙返り,,3,1,3,2,2,2
67,III4,1,3,後方抱え込み2回宙返り1回ひねり,ツカハラ,4,1,4,2,2,2
68,III5,1,3,後方抱え込み2回宙返り3/2ひねり,,5,1,5,2,1,2
69,III5,1,3,後方抱え込み2回宙返り2回ひねり,ルドルフ,5,2,5,2,2,2
70,III6,1,3,後方抱え込み2回宙返り3回ひねり,リ・ジョンソン,7,1,7,2,2,2
71,III7,1,3,後方(抱え込みor屈身)宙返りひねり,,1,3,1,2,1,1
72,III8,1,3,後方伸身宙返りひねり,,2,3,2,2,1,1
73,III10,1,3,後ろとびひねり前方抱え込み2回宙返り,,4,3,4,2,1,2
74,III10,1,3,後ろとびひねり前方抱え込み2回宙返りひねり,,4,4,4,2,2,2
75,III11,1,3,後ろとびひねり前方屈身2回宙返り,,5,3,5,2,1,2
76,III11,1,3,後ろとびひねり前方屈身2回宙返りひねり,,5,4,5,2,2,2
77,III12,1,3,後方抱え込み2回宙返り5/2ひねり,,6,4,6,2,1,2
78,III13,1,3,後転とび,,1,4,1,2,2,
79,III16,1,3,後方屈身2回宙返り,,4,5,4,2,2,2
80,III18,1,3,後方抱え込み3回宙返り,リューキン,9,4,9,2,2,2
81,III24,1,3,後方屈身3回宙返り,ナゴルニー,10,4,10,2,2,2
82,III29,1,3,側方開脚2回宙返り3/4ひねり,ロウ・ユン,5,5,5,2,2,2
83,III30,1,3,後方伸身2回宙返り5/2ひねり,,8,5,8,2,1,2
84,III31,1,3,後ろとびひねり前転,,1,6,1,2,1,
85,III35,1,3,後方伸身宙返り1回ひねり後方屈身宙返り,,5,6,5,2,2,2
86,III36,1,3,後方伸身宙返り2回ひねり後方屈身宙返り,コリバノフ,6,6,6,2,2,2
87,III41,1,3,後方伸身2回宙返り,,5,7,5,2,2,2
88,III41,1,3,後ろとびひねり前方伸身2回宙返り,タマヨ,5,8,5,2,1,2
89,III42,1,3,後方伸身2回宙返り3/2ひねり,,7,7,7,2,1,2
90,III42,1,3,後ろとびひねり伸身2回宙返り1回ひねり,イポリト,7,8,7,2,1,2
91,III48,1,3,後方伸身2回宙返り1回ひねり,,6,7,6,2,2,2
92,III48,1,3,後ろとびひねり前方伸身2回宙返りひねり,ペネフ,6,8,6,2,2,2
93,III54,1,3,後方伸身2回宙返り2回ひねり,,7,9,7,2,2,2
94,III60,1,3,後方抱え込み2回宙返り7/2ひねり,ミナミ,8,9,8,2,1,2
95,III66,1,3,後方伸身2回宙返り3回ひねり,シライ3,9,9,9,2,2,2
96,III72,1,3,後方伸身2回宙返り7/2ひねり,ジャーマン,10,9,10,2,1,2
97,IV2,1,4,前方抱え込み宙返り1回ひねり,,2,1,2,1,1,1
98,IV2,1,4,前方抱え込み宙返り3/2ひねり,,2,2,2,1,2,1
99,IV3,1,4,前方伸身宙返り1回ひねり,,3,1,3,1,1,1
100,IV3,1,4,前方伸身宙返り3/2ひねり,,3,2,3,1,2,1
101,IV4,1,4,前方伸身宙返り2回ひねり,,4,1,4,1,1,1
102,IV5,1,4,前方伸身宙返り5/2ひねり,,5,1,5,1,2,1
103,IV6,1,4,前方伸身宙返り3回ひねり,シライ2,6,1,6,1,1,1
104,IV8,1,4,後方伸身宙返り1回ひねり,,2,3,2,2,2,1
105,IV9,1,4,後方伸身宙返り3/2ひねり,,3,3,3,2,1,1
106,IV9,1,4,後方伸身宙返り2回ひねり,,3,4,3,2,2,1
107,IV10,1,4,後方伸身宙返り5/2ひねり,,4,3,4,2,1,1
108,IV11,1,4,後方伸身宙返り7/2ひねり,ゴンザレス,5,3,5,2,1,1
109,IV12,1,4,前方伸身宙返り7/2ひねり,ゴシマ,7,1,7,1,2,1
110,IV14,1,4,後方抱え込み宙返り3/2ひねり,,2,4,2,2,1,1
111,IV22,1,4,後方伸身宙返り3回ひねり,,4,4,4,2,2,1
112,IV24,1,4,後方伸身宙返り4回ひねり,シライ/グエン,6,4,6,2,2,1
113,I1,2,1,正交差,,1,1,1,,,
114,I2,2,1,正交差とび横移動(ひねり正交差入れ),,2,1,2,,,
115,I3,2,1,正交差とび横移動(馬端～馬端),,3,1,3,,,
116,I7,2,1,正交差ひねり正交差入れ,,1,2,1,,,
117,I8,2,1,正交差ひねり逆交差入れ,,2,2,2,,,
118,I9,2,1,正交差とび横移動逆交差入れ,,3,2,3,,,
119,I10,2,1,正交差ひねりとび横移動逆交差入れ(馬端～馬端),ミクラック,4,2,4,,,
120,I15,2,1,正交差倒立横移動しながらひねり逆交差入れ,ステパニャン,3,3,3,,,10
121,I20,2,1,支持から後ろ振り抜き倒立、振り下して開脚支持,,2,4,2,,,10
122,I22,2,1,正交差ひねり倒立逆交差入れ,リーニン,4,3,4,,,10
123,I22,2,1,正交差1/4ひねり―把手上倒立経過振り下して開脚支持,ブライアン,4,4,4,,,10
124,I25,2,1,逆交差,,1,5,1,,,
125,I26,2,1,逆交差とび横移動(ひねり逆交差入れ),,2,5,2,,,
126,I27,2,1,逆交差とび横移動(馬端～馬端),,3,5,3,,,
127,I31,2,1,逆交差ひねり逆交差入れ,,1,6,1,,,
128,I32,2,1,逆交差ひねり正交差入れ,,2,6,2,,,
129,I39,2,1,逆交差ひねり倒立逆交差入れ,,3,7,3,,,10
130,II1,2,2,横向き旋回,,1,1,1,,,
131,II1,2,2,横向き開脚旋回,トーマス,1,2,1,,,15
132,II2,2,2,両把手を挟んで横向き旋回or両把手間横向き旋回,,2,1,2,,,
133,II7,2,2,馬端中向き、縦向き旋回,,1,3,1,,,
134,II8,2,2,一把手上縦向き旋回,,2,3,2,,,
135,II13,2,2,馬端外向き、縦向き旋回,,1,4,1,,,
136,II14,2,2,あん部馬背縦向き旋回,,2,4,2,,,
137,II25,2,2,旋回1/4ひねり,,1,5,1,,,
138,II26,2,2,旋回1/2ひねり,,2,5,2,,,
139,II26,2,2,開脚旋回1/2ひねり,ケイハ2,2,6,2,,,15
140,II28,2,2,一把手を挟んで横向き旋回1回ひねり（2回以内の旋回で）,,4,5,4,,,13-15
141,II29,2,2,横向き旋回1回ひねり移動（2回以内の旋回で）,アイヒホルン,5,5,5,,,13-15
142,II30,2,2,両把手を挟んで横向き旋回1回ひねり（2回以内の旋回で）,ケイハ,6,4,6,,,13-15
143,II30,2,2,馬端外向き縦向き支持から両把手を越えて縦向き旋回1回ひねり（2回以内の旋回で）,ケイハ5,6,5,6,,,13-15
144,II34,2,2,旋回1回ひねり(2回以内の旋回で),マジャール,4,6,4,,,13
145,II35,2,2,両把手上横向き旋回1回ひねり（2回以内の旋回で）	,ベルキ,5,6,5,,,13-15
146,II36,2,2,あん部馬背縦向き旋回1回ひねり(2回以内の旋回で),,6,6,6,,,13
147,II38,2,2,シュテクリA,,2,7,2,,,
148,II40,2,2,両把手を挟んで上向き転向,ケイハ3,4,7,4,,,15
149,II40,2,2,馬端中向き支持から両把手を越えて上向き転向,ケイハ6,4,8,4,,,15
150,II44,2,2,シュテクリB,,2,8,2,,,
151,II51,2,2,(開脚)旋回倒立(or倒立ひねり)下ろして(開脚)旋回,チッペルト,3,9,3,,,10-15-16
152,II52,2,2,開脚旋回倒立とび横移動、下ろして開脚旋回,,4,9,4,,,10-15-16
153,,2,2,,Dブスナリ,4,10,4,,,10-15-16
154,,2,2,,Eブスナリ,5,10,5,,,10-15-16
155,II54,2,2,(下向き横移動 or 開脚DSA)倒立移動1回ひねり(馬端～馬端),ブスナリ,6,10,6,,,10-15-16
156,,2,2,,Gブスナリ,7,10,7,,,10-15-16
157,II55,2,2,上向き正転向移動,リア,1,11,1,,,
158,II56,2,2,馬端一腕上上向き全転向,馬端ショーン,2,11,2,,,14
159,II57,2,2,一腕上上向き270°転向（横向き～縦向き）,ベルトンチェリ,3,11,3,,,14
160,II58,2,2,一腕上上向き転向,ショーン,4,11,4,,,14
161,II62,2,2,直接トラムロー,,2,12,2,,,
162,II68,2,2,下向き逆転向移動,逆リア,2,13,2,,,
163,II69,2,2,横向き支持から一腕上上向き270°転向,ダビチャン,3,13,3,,,14
164,II71,2,2,一腕上下向き逆移動,ベズゴ,5,13,5,,,14
165,II73,2,2,馬端下向き転向,,1,14,1,,,
166,II74,2,2,下向き転向(把手上or馬背),フクガ,2,14,2,,,
167,II76,2,2,両把手を挟んで下向き転向,ピネーロ,4,14,4,,,
168,II79,2,2,下向き正転向移動,伏せリア,1,15,1,,,
169,II85,2,2,把手上、下向き(180°or270°)転向,,1,16,1,,,6
170,II91,2,2,把手上、下向き(360°or540°)転向,,1,17,1,,,6
171,II92,2,2,把手上、下向き(720°or900°)転向,,2,17,2,,,6
172,II93,2,2,把手上、下向き1080°(以上)転向,,3,17,3,,,6
173,II97,2,2,馬端下向き(180°or270°)転向(移動を含む),,1,18,1,,,7
174,II103,2,2,馬端下向き(360°or540°)転向,,1,19,1,,,7
175,II104,2,2,馬端下向き(720°or900°)転向,,2,19,2,,,7
176,II105,2,2,馬端下向き1080°(以上)転向,,3,19,3,,,7
177,II110,2,2,一把手上、下向き(180°or270°)転向,,2,20,2,,,8
178,II111,2,2,一把手上、下向き(360°or540°)転向,,3,20,3,,,8
179,II112,2,2,一把手上、下向き(720°or900°)転向,,4,20,4,,,8
180,II113,2,2,一把手上、下向き1080°(以上)転向,,5,20,5,,,8
181,II110,2,2,あん部馬背下向き(180°or270°)転向,,2,21,2,,,9
182,II111,2,2,あん部馬背下向き(360°or540°)転向,,3,21,3,,,9
183,II112,2,2,あん部馬背下向き(720°or900°)転向,,4,21,4,,,9
184,II113,2,2,あん部馬背下向き1080°(以上)転向,,5,21,5,,,9
185,,2,2,,Dフロップ,4,22,4,,,20
186,,2,2,,Eフロップ,5,22,5,,,20
187,,2,2,（ショーン・べズゴ系）,Eフロップ,5,23,5,,,14-20
188,,2,2,（ショーン・べズゴ系）,Fフロップ,6,23,6,,,14-20
189,,2,2,,Dコンバイン,4,24,4,,,21
190,,2,2,,Eコンバイン,5,24,5,,,21
191,,2,2,,Fコンバイン,6,24,6,,,21
192,,2,2,,Gコンバイン,7,24,7,,,21
193,,2,2,（ショーン・べズゴ系）,Eコンバイン,5,25,5,,,14-21
194,,2,2,（ショーン・べズゴ系）,Fコンバイン,6,25,6,,,14-21
195,,2,2,（ショーン・べズゴ系）,Gコンバイン,7,25,7,,,14-21
196,,2,2,（ショーン・べズゴ系）,Hコンバイン,8,25,8,,,14-21
197,III1,2,3,正面横移動,,1,1,1,,,
198,III2,2,3,正面横移動連続(馬端～馬端),,2,1,2,,,
199,III3,2,3,正面横移動連続(馬端～馬端：あん部馬背着手),,3,1,3,,,
200,III4,2,3,1回の旋回で正面横移動(馬端～馬端),,4,1,4,,,
201,III8,2,3,正面とび横移動,,2,2,2,,,
202,III9,2,3,正面とび横移動連続(馬端～馬端),,3,2,3,,,
203,III11,2,3,背面とび横移動(馬端馬背～馬端馬背),ヤマワキ,5,2,5,,,
204,III14,2,3,縦向き1/3前移動1/4ひねりor縦向き1/3後ろ移動1/4ひねり,,2,3,2,,,
205,III15,2,3,(正面 or 背面)横移動ひねり,,3,3,3,,,
206,III17,2,3,正面横移動1/2ひねり、背面横移動1/2ひねり(馬端～馬端),,5,3,5,,,12
207,III22,2,3,縦向き1/3前移動直ちに縦向き2/3移動ひねり	,ニン・レイエス,4,4,4,,,12-19
208,III22,2,3,背面1/3横移動直ちに横向き2/3移動ひねり        ,ティトフ,4,5,4,,,12
209,III23,2,3,両把手を越えて縦向き3/3前移動直ちに1/2ひねり	,ニン・レイエス2,5,4,5,,,12-19
210,III23,2,3,両把手を越えて縦向き3/3後ろ移動直ちに1/2ひねり,ケイハ4,5,5,5,,,12-15
211,III29,2,3,開脚旋回1回ひねりをしながら縦向き3/3移動（2回以内の旋回で）,ウルジカ2,5,6,5,,,12-15
212,III29,2,3,開脚旋回1回ひねりをしながら横向き3/3移動（2回以内の旋回で）,ブルクハルト,5,7,5,,,12-15
213,III32,2,3,縦向き前移動(2/3or1/2部分),,2,8,2,,,
214,III33,2,3,縦向き横移動(3部分：馬端ー把手ー馬端ー把手),,3,8,3,,,5
215,III34,2,3,縦向き横移動(3部分：馬端ー把手ーあん部馬背ー馬端ー把手),マジャール,4,8,4,,,5
216,III34,2,3,,開脚マジャール,4,9,4,,,5-15
217,III35,2,3,縦向きとび前移動(馬端～馬端),ドリッグス,5,8,5,,,5
218,III35,2,3,,開脚ドリッグス,5,9,5,,,5-15
219,III37,2,3,縦向き後ろ移動(1/3部分),,1,10,1,,,
220,III38,2,3,縦向き後ろ移動(2/3or1/2部分),,2,10,2,,,
221,III39,2,3,縦向き後ろ移動(3部分：馬端ー把手ー馬端ー把手),,3,10,3,,,5
222,III40,2,3,縦向き横移動(3部分：あん部馬背着手),シバド,4,10,4,,,5
223,III40,2,3,,開脚シバド,4,11,4,,,5-15
224,III41,2,3,両把手を越えて縦向き後ろ移動,クルバノフ,5,10,5,,,5
225,III41,2,3,開脚で両把手を越えて縦向き後ろ移動,レイド,5,11,5,,,5-15
226,III46,2,3,馬端横向き支持から上向き転向、下向き逆移動、上向き転向,モギリニー,4,12,4,,,
227,III52,2,3,馬端横向き支持から下向き逆移動向、上向き転向動、下向き逆移動,ベレンキ,4,13,4,,,
228,III57,2,3,下向き正転向移動(一把手～馬端),,3,14,3,,,11-18
229,III58,2,3,下向き正転向移動(馬端～馬端、把手または把手間に着手なしで),トンフェイ,4,14,4,,,11-18
230,III59,2,3,両把手を越えてロシアン360°正転向 ,ヴァメン,5,14,5,,,11-18
231,III64,2,3,下向き720°(以上)転向移動(一把手～馬端),,4,15,4,,,11-17
232,III65,2,3,下向き720°(以上)転向移動(3/3部分),ウ・ヴォニアン,5,15,5,,,11-17
233,III70,2,3,下向き360°転向移動(3/3部分),ロス,4,16,4,,,11-17
234,III75,2,3,馬端外向き支持から遠い方の把手へ下向き逆移動	,ロメロ,3,17,3,,,
235,III76,2,3,馬端外向き支持から両把手を越えて下向き逆移動	,アブ・アル・ソウド,4,17,4,,,
236,IV1,2,4,下向き(180°or270°)転向下り,,1,1,1,,,7
237,IV2,2,4,シャギニアン下り,,2,1,2,,,
238,IV7,2,4,下向き(360°or540°)転向下り,,1,2,1,,,7
239,IV8,2,4,下向き(720°or900°)転向下り,,2,2,2,,,7
240,IV9,2,4,下向き1080°(以上)転向下り,,3,2,3,,,7
241,IV13,2,4,下向き正移動下向き転向下り,,1,3,1,,,
242,IV10,2,4,両把手から1/4転向、ただちに一把手上ロシアン270°転向倒立下り,ドリゼ,4,4,4,,,
243,,2,4,,ドリゼ移動,5,4,5,,,
244,,2,4,,ドリゼ往復移動,6,4,6,,,
245,IV15,2,4,下向き逆移動倒立下り,逆リア倒立下り,3,5,3,,,
246,,2,4,,逆リア倒立移動下り,4,5,4,,,
247,,2,4,,逆リア倒立往復移動下り,5,5,5,,,
248,IV15,2,4,DSA倒立下り,,3,6,3,,,
249,,2,4,,DSA倒立移動下り,4,6,4,,,
250,IV5,2,4,DSA倒立移動450°以上ひねり下り(馬端～馬端),DSA往復移動下り,5,6,5,,,
251,IV16,2,4,DSA直接背面とび横移動倒立下り	,イエッセン,4,7,4,,,
252,,2,4,,イエッセン倒立移動,5,7,5,,,
253,,2,4,,イエッセン往復移動,6,7,6,,,
254,IV16,2,4,下向き逆移動直接背面とび横移動倒立下り	,ルース,4,8,4,,,
255,,2,4,,ルース倒立移動,5,8,5,,,
256,,2,4,,ルース往復移動,6,8,6,,,
257,IV20,2,4,(開脚)旋回倒立下り,,2,9,2,,,
258,,2,4,,旋回倒立移動下り,3,9,3,,,
259,,2,4,,旋回往復移動下り,4,9,4,,,
260,IV4,2,4,旋回倒立1回(以上)ひねり3部分移動下り,コリバノフ,4,10,4,,,
261,IV21,2,4,(開脚)旋回とび横移動倒立下り,,3,11,3,,,
262,,2,4,,旋回とび横移動倒立移動下り,4,11,4,,,
263,,2,4,,旋回とび横移動倒立往復移動下り,5,11,5,,,
264,IV22,2,4,馬端から逆馬端へロシアン180°転向移動倒立下り,ペルラン,4,12,4,,,
265,,2,4,,ペルラン倒立移動,5,12,5,,,
266,,2,4,,ペルラン往復移動,6,12,6,,,
267,I1,3,1,懸垂前振り上がり,,1,1,1,,,
268,I7,3,1,支持後ろ振り、前に回りながら懸垂,,1,2,1,,,
269,I8,3,1,前振り上がり支持前方回転振り出し懸垂後ろ振り,ケキ,2,2,2,,,23
270,I19,3,1,ほん転逆上がり支持,,1,3,1,,,
271,I20,3,1,ほん転逆上がり倒立経過,,2,3,2,,,23
272,I21,3,1,後方抱え込み2回宙返り懸垂,グチョギー,3,3,3,,,23
273,I22,3,1,後方屈身2回宙返り懸垂,,4,3,4,,,23
274,I25,3,1,後方(屈身or伸身)懸垂回転,ディスロー,1,4,1,,,
275,I31,3,1,後ろ振り上がり支持,,1,5,1,,,
276,I32,3,1,後ろ振り上がり倒立経過,,2,5,2,,,23
277,I37,3,1,前方(屈身or伸身)懸垂回転,クーゲル,1,6,1,,,
278,I38,3,1,前方ほん転逆上がり脚前挙支持(2秒),ホンマ,2,6,2,,,23
279,I39,3,1,前方伸身ほん転逆上がり支持,,3,6,3,,,23
280,I43,3,1,懸垂からゆっくりと肩転位,,1,7,1,,,
281,I44,3,1,前方抱え込み2回宙返り懸垂,ヤマワキ,2,7,2,,,23-37
282,I45,3,1,前方屈身2回宙返り懸垂,ジョナサン,3,7,3,,,23-37
283,I49,3,1,け上がり支持,,1,8,1,,,
284,I55,3,1,後方け上がり支持,,1,9,1,,,
285,I56,3,1,伸腕後方け上がり支持,,2,9,2,,,
286,I61,3,1,支持前振り出し懸垂後ろ振り,,1,10,1,,,
287,I63,3,1,支持後ろ振り(抱え込みor屈身)宙返り支持,,3,10,3,,,23
288,I67,3,1,支持から(屈身 or 伸身)逆上がり支持,,1,11,1,,,
289,I74,3,1,後方け上がり倒立,,2,12,2,,,
290,I75,3,1,ほん転逆上がり倒立(2秒),,3,12,3,,,22-23
291,I81,3,1,後ろ振り上がり倒立(2秒),,3,13,3,,,22-23-38
292,I86,3,1,支持後ろ振り倒立(2秒),,2,14,2,,,22-23
293,I87,3,1,ホンマ支持後ろ振り倒立(2秒),,3,14,3,,,22-23
294,I88,3,1,伸身ホンマ支持後ろ振り倒立(2秒),,4,14,4,,,22-23
295,II1,3,2,脚前挙支持(2秒),,1,1,1,,,24
296,II1,3,2,開脚前挙支持(2秒),,1,2,1,,,29
297,II2,3,2,脚上挙支持(2秒),,2,1,2,,,25
298,II4,3,2,十字倒立(2秒),,4,1,4,,,26
299,II7,3,2,背面水平懸垂(2秒),,1,3,1,,,27
300,II9,3,2,閉脚上水平支持(2秒),,3,3,3,,,28
301,II10,3,2,中水平支持(2秒),イロンデル,4,3,4,,,30
302,II11,3,2,上向き中水平支持(2秒),,5,3,5,,,32
303,II13,3,2,正面水平支持(2秒),,1,4,1,,,31
304,II15,3,2,十字懸垂(2秒),,3,4,3,,,33
305,II15,3,2,脚前挙十字懸垂(2秒),,3,5,3,,,33
306,II15,3,2,脚上挙十字懸垂(2秒),,3,6,3,,,33
307,II19,3,2,開脚水平支持(2秒),,1,5,1,,,39
308,II22,3,2,脚上挙十字懸垂から引き上げ脚上挙支持(2秒),ツカハラ3,4,6,4,,,25
309,II23,3,2,懸垂から伸腕で引き上げ脚上挙十字懸垂（2秒),チョラック,5,6,5,,,33
310,II25,3,2,屈腕屈身力倒立(2秒),,1,7,1,,,36
311,II26,3,2,屈腕伸身力倒立(2秒),,2,7,2,,,36
312,II26,3,2,伸腕屈身力倒立(2秒),,2,8,2,,,36
313,II26,3,2,開脚伸腕伸身力倒立(2秒),,2,9,2,,,36
314,II27,3,2,支持から伸腕伸身力倒立(2秒),,3,7,3,,,36
315,II28,3,2,中水平から伸腕伸身力倒立(2秒),,4,7,4,,,36
316,II31,3,2,前方屈身支持回転,,1,10,1,,,
317,II32,3,2,前方伸身支持回転,,2,10,2,,,
318,II38,3,2,逆懸垂から後方新腕伸身支持回転脚前挙支持(2秒),,2,11,2,,,24
319,II39,3,2,前方伸腕伸身支持回転十字懸垂(2秒),,3,11,3,,,33
320,II50,3,2,屈腕引き上げ背面水平懸垂(2秒),,2,12,2,,,27
321,II51,3,2,伸腕引き上げ背面水平懸垂(2秒),,3,12,3,,,27
322,II52,3,2,伸腕伸身逆上がり十字懸垂(2秒),アザリアン,4,12,4,,,33
323,II52,3,2,伸腕伸身逆上がり脚前挙十字懸垂(2秒),脚前挙アザリアン,4,13,4,,,33
324,II56,3,2,十字懸垂から背面水平懸垂(2秒),,2,14,2,,,27
325,II57,3,2,伸腕引き上げ支持,,3,14,3,,,
326,II58,3,2,背面水平懸垂経過(脚前挙)十字懸垂(2秒),ナカヤマ,4,14,4,,,33
327,II60,3,2,背面水平懸垂経過伸腕伸身引き上げ上向き中水平支持(2秒),ザハラン,6,14,6,,,32
328,II62,3,2,倒立から中水平を経過して背面水平懸垂(2秒),,2,15,2,,,27
329,II63,3,2,支持から伸腕で下して懸垂、引き上げ十字懸垂(2秒),リー・シャオシュン,3,15,3,,,33
330,II64,3,2,懸垂から伸腕で引き上げ十字懸垂(2秒),,4,15,4,,,33
331,II65,3,2,水平にゆっくり下ろして背面水平懸垂経過引き上げ中水平支持(2秒),ヴァン・ゲルダー	,5,15,5,,,30
332,II66,3,2,懸垂から伸腕で引き上げ十字懸垂経過上向き中水平支持（2秒）	,タロック2,7,15,7,,,32
333,II68,3,2,倒立からゆっくり伸腕で十字倒立経過逆懸垂,,2,16,2,,,
334,II70,3,2,中水平から押し上げ上水平支持(2秒),,4,16,4,,,28
335,II71,3,2,中水平からゆっくり背面水平懸垂経過中水平支持(2秒),,5,16,5,,,30
336,II72,3,2,背面水平懸垂から引き上げ中水平支持(2秒),ザネッティ,6,16,6,,,30
337,II72,3,2,背面水平懸垂から引き上げ上水平支持(2秒),,6,17,6,,,28
338,II75,3,2,十字懸垂から引き上げ脚前挙支持(2秒),,3,18,3,,,24
339,II77,3,2,脚前挙十字倒立から伸腕屈身力十字倒立(2秒),,5,18,5,,,26
340,II78,3,2,十字懸垂から伸腕伸身力十字倒立(2秒),,6,18,6,,,26
341,II84,3,2,中水平から伸腕伸身力十字倒立(2秒),,6,19,6,,,26
342,II88,3,2,十字懸垂から引き上げ上水平支持(2秒),,4,20,4,,,28
343,II89,3,2,十字懸垂から伸腕伸身中水平支持(2秒),,5,20,5,,,30
344,II90,3,2,背面懸垂経過引き上げ十字倒立（2秒）        ,カルモナ,7,20,7,,,26
345,II94,3,2,十字倒立からゆっくり下ろして逆懸垂経過伸腕伸身逆上がり十字懸垂（2秒）,ボロビオフ,4,21,4,,,33
346,II94,3,2,十字倒立からゆっくり下ろして逆懸垂経過伸腕伸身逆上がり脚上挙十字懸垂（2秒）	,ツォウ,4,22,4,,,35
347,II95,3,2,十字倒立からゆっくり下して逆懸垂経過中水平支持(2秒),ヨブチェフ,5,21,5,,,30
348,II101,3,2,ゆっくりと後方伸腕伸身逆上がり上水平支持(2秒),ヤン・ミンヨン,5,22,5,,,28
349,II107,3,2,ゆっくりと後方伸腕伸身逆上がり中水平支持(2秒),,5,23,5,,,30
350,II108,3,2,ゆっくりと後方伸腕伸身逆上がり中水平支持経過十字倒立（2秒）	,シモノフ,6,23,6,,,26
351,II118,3,2,ゆっくりと前方伸腕伸身支持回転十字懸垂経過上水平支持(2秒),グ・キウチョン2,4,24,4,,,28
352,II119,3,2,ゆっくりと伸腕伸身で前に回り十字懸垂経過十字倒立（2秒）	,ウィン,5,24,5,,,26
353,II120,3,2,伸腕伸身逆上がり十字懸垂経過上向き中水平支持（2秒）	,タロック,6,24,6,,,32
354,II124,3,2,ゆっくりと伸腕伸身で前に回り十字懸垂(2秒),ダフチャン,4,25,4,,,33
355,II125,3,2,ゆっくりと前方伸腕伸身支持回転十字懸垂経過中水平支持(2秒),ファム2,5,25,5,,,30
356,II130,3,2,懸垂から伸腕伸身力倒立(2秒),チンゴラーニ,4,26,4,,,36
357,II132,3,2,懸垂から伸腕で引き上げ中水平支持(2秒),バランディン,6,26,6,,,30
358,II137,3,2,懸垂から伸腕で引き上げ中水平支持経過上水平支持(2秒),バランディン3,5,26,5,,,28
359,II138,3,2,懸垂から伸腕で引き上げ十字倒立(2秒),バランディン2,7,26,7,,,26
360,III2,3,3,前振り上がり脚前挙支持(2秒),,2,1,2,,,24
361,III3,3,3,前振り上がり脚上挙支持,,3,1,3,,,25
362,III8,3,3,け上がり脚前挙支持(2秒),,2,2,2,,,24
363,III9,3,3,け上がり脚上挙支持(2秒),,3,2,3,,,25
364,III14,3,3,ホンマ脚前挙支持(2秒),,2,3,2,,,24
365,III15,3,3,ホンマ脚上挙支持(2秒),グラシア,3,3,3,,,25
366,III16,3,3,ホンマ(脚前挙)十字懸垂(2秒),,4,3,4,,,33
367,III17,3,3,ホンマ脚上挙十字懸垂(2秒),タナカ,5,3,5,,,33
368,III22,3,3,支持後ろ振り前方屈身宙返り(脚前挙)十字懸垂(2秒),,4,4,4,,,33
369,III27,3,3,前振り上がり(脚前挙)十字懸垂(2秒),,3,5,3,,,33
370,III33,3,3,後ろ振り上がり(脚前挙)十字懸垂(2秒),,3,6,3,,,33
371,III39,3,3,け上がり(脚前挙)十字懸垂(2秒),,3,7,3,,,33
372,III40,3,3,け上がり脚上挙十字懸垂(2秒),モリナリ,4,7,4,,,33
373,III42,3,3,け上がり上向き中水平支持(2秒),,6,7,6,,,32
374,III45,3,3,後方け上がり(脚前挙)十字懸垂(2秒),,3,8,3,,,33
375,III46,3,3,後方け上がり上水平支持(2秒),,4,8,4,,,28
376,III47,3,3,後方け上がり中水平支持(2秒),,5,8,5,,,30
377,III50,3,3,ほん転逆上がり、脚を腕の上に乗せた開脚前挙支持(デルチェフ),,2,9,2,,,
378,III53,3,3,後方け上がり十字倒立(2秒),,5,9,5,,,26
379,III56,3,3,ほん転逆上がり開脚上水平支持(2秒),,2,10,2,,,29
380,III57,3,3,ほん転逆上がり(脚前挙)十字懸垂(2秒),,3,10,3,,,33
381,III58,3,3,ほん転逆上がり上水平支持(2秒),,4,10,4,,,28
382,III59,3,3,ほん転逆上がり中水平支持(2秒),,5,10,5,,,30
383,III60,3,3,前振り上がり上向き中水平支持(2秒) ,ロドリゲス,6,10,6,,,32
384,III65,3,3,ほん転逆上がり十字倒立(2秒),,5,11,5,,,26
385,III68,3,3,後ろ振り上がり開脚水平支持,,2,12,2,,,29
386,III70,3,3,後ろ振り上がり上水平支持,,4,12,4,,,28
387,III71,3,3,後ろ振り上がり中水平支持,,5,12,5,,,30
388,III77,3,3,後ろ振り上がり十字倒立,,5,13,5,,,26
389,III82,3,3,支持から伸身逆上がり上水平支持(2秒),,4,14,4,,,28
390,IV1,3,4,前方(屈身or伸身)宙返り(1/2ひねり)下り,,1,1,1,,,
391,IV2,3,4,前方(屈身or伸身)宙返り1回ひねり下り,,2,1,2,,,
392,IV3,3,4,前方(屈身or伸身)宙返り3/2ひねり下り,,3,1,3,,,
393,IV4,3,4,前方(屈身or伸身)宙返り2回ひねり下り,,4,1,4,,,
394,IV9,3,4,前方抱え込み2回宙返り(1/2ひねり)下り,,3,2,3,,,
395,IV10,3,4,前方抱え込み2回宙返り3/2ひねり下り ,フィッシャー,4,2,4,,,
396,IV16,3,4,前方屈身2回宙返り下り,,4,3,4,,,
397,IV16,3,4,前方屈身2回宙返り1/2ひねり下り ,バラバノフ,4,4,4,,,
398,IV17,3,4,前方屈身2回宙返り3/2(1回)ひねり下り,,5,4,5,,,
399,IV25,3,4,後方(屈身or伸身)宙返り(1/2ひねり)下り,,1,5,1,,,
400,IV26,3,4,後方伸身宙返り1回ひねり下り,,2,5,2,,,
401,IV27,3,4,後方伸身宙返り3/2(2回)ひねり下り,,3,5,3,,,
402,IV29,3,4,後方伸身宙返り3回ひねり下り,,5,5,5,,,
403,IV32,3,4,後方抱え込み(屈身)2回宙返り下り,,2,6,2,,,
404,IV33,3,4,後方伸身2回宙返り下り,,3,6,3,,,
405,IV36,3,4,後方抱え込み3回宙返り下り,,7,6,7,,,
406,IV42,3,4,後方屈身3回宙返り下り,ウィッテンバーグ,9,6,9,,,
407,IV45,3,4,後方抱え込み2回宙返り1回(1/2)ひねり下り,,3,7,3,,,
408,IV45,3,4,後方抱え込み2回宙返り3/2ひねり下り,,3,8,3,,,
409,IV47,3,4,後方抱え込み2回宙返り2回ひねり下り,,5,7,5,,,
410,IV48,3,4,後方抱え込み2回宙返り5/2ひねり下り,トゥーハ	,6,7,6,,,
411,IV51,3,4,後方伸身宙返り1回ひねり後方抱え込み宙返り下り,,3,9,3,,,
412,IV52,3,4,後方伸身2回宙返り1/2(1回)ひねり下り,,4,9,4,,,
413,IV54,3,4,後方伸身2回宙返り3/2(2回)ひねり下り,,6,9,6,,,
414,I101,4,1,前転とび前方抱え込み宙返りひねり,クエルボとび,24,1,1,,,
415,I102,4,1,前転とび前方抱え込み宙返り1回ひねり,,28,1,2,,,
416,I103,4,1,前転とび前方抱え込み宙返り3/2ひねり,クロル,32,1,3,,,
417,I104,4,1,前転とび前方抱え込み宙返り2回ひねり,カンバス,36,1,4,,,
418,I107,4,1,前転とび前方屈身宙返りひねり,屈身クエルボとび,28,2,1,,,
419,I108,4,1,前転とび前方屈身宙返り1回ひねり,,32,2,2,,,
420,I109,4,1,前転とび前方屈身宙返り3/2ひねり,,36,2,3,,,
421,I113,4,1,前転とび前方伸身宙返りひねり,伸身クエルボとび,36,3,1,,,
422,I114,4,1,前転とび前方伸身宙返り1回ひねり,,40,3,2,,,
423,I115,4,1,前転とび前方伸身宙返り3/2ひねり,ローユン,44,3,3,,,
424,I116,4,1,前転とび前方伸身宙返り2回ひねり,,48,3,4,,,
425,I117,4,1,前転とび前方伸身宙返り5/2ひねり,ヨー2,52,3,5,,,
426,I118,4,1,前転とび前方伸身宙返り3回ひねり,ヤンハクソン,56,3,6,,,
427,I119,4,1,抱え込みツカハラとび1回ひねり,カサマツとび,24,4,1,,,
428,I120,4,1,抱え込みツカハラとび3/2ひねり,,28,4,2,,,
429,I121,4,1,抱え込みツカハラとび2回ひねり,バルビエリ,32,4,3,,,
430,I122,4,1,抱え込みツカハラとび5/2ひねり,,36,4,4,,,
431,I125,4,1,伸身ツカハラとび1回ひねり,伸身カサマツとび,36,5,1,,,
432,I126,4,1,伸身ツカハラとび3/2ひねり,,40,5,2,,,
433,I127,4,1,伸身ツカハラとび2回ひねり,アカピアン,44,5,3,,,
434,I131,4,1,伸身ツカハラとび5/2ひねり,ドリッグス,48,6,1,,,
435,I132,4,1,伸身ツカハラとび3回ひねり,ロペス,52,6,2,,,
436,I133,4,1,伸身ツカハラとび7/2ひねり,ヨネクラ,56,6,3,,,
437,II201,4,2,前転とび,,12,1,1,,,
438,II202,4,2,前転とびひねり,	,14,1,2,,,
439,II203,4,2,前転とび1回ひねり,	,16,1,3,,,
440,II204,4,2,前転とび3/2ひねり,	,18,1,4,,,
441,II205,4,2,前転とび2回ひねり,	,20,1,5,,,
442,II206,4,2,前転とび5/2ひねり,ツィガンコフ,22,1,4,,,
443,II207,4,2,前転とび前方抱え込み宙返り,	,20,2,1,,,
444,II213,4,2,前転とび前方屈身宙返り,	,24,2,2,,,
445,II219,4,2,前転とび前方伸身宙返り,	,32,2,3,,,
446,II225,4,2,前転とび前方抱え込み2回宙返り,ローチェ,48,3,1,,,
447,II226,4,2,前転とび前方抱え込み2回宙返りひねり,ドラグレスク,52,3,2,,,
448,II228,4,2,前転とびひねり後方抱え込み2回宙返り,ジマーマン,52,3,4,,,
449,II231,4,2,前転とび前方屈身2回宙返り,ブラニク,52,4,1,,,
450,II232,4,2,前転とび前方屈身2回宙返りひねり,リ・セグァン2,56,4,2,,,
451,III301,4,3,側転とび1/4ひねり,	,12,1,1,,,
452,III302,4,3,側転とび3/4ひねり,	,14,1,2,,,
453,III303,4,3,側転とび5/4ひねり,	,16,1,3,,,
454,III307,4,3,側転とび1/4ひねり後方抱え込み宙返り,ツカハラとび,18,2,1,,,
455,III308,4,3,屈身ツカハラとび,	,20,2,2,,,
456,III309,4,3,抱え込みツカハラとびひねり,	,20,2,3,,,
457,III313,4,3,伸身ツカハラとび,	,28,3,1,,,
458,III314,4,3,伸身ツカハラとびひねり,	,32,3,2,,,
459,III319,4,3,側転とび1/4ひねり後方抱え込み2回宙返り,ヨー,48,4,1,,,
460,III320,4,3,側転とび1/4ひねり後方屈身2回宙返り,ルー・ユーフ,52,4,2,,,
461,III321,4,3,側転とび3/4ひねり後方抱え込み2回宙返り,リ・セグァン,56,4,3,,,
462,IV401,4,4,抱え込みユルチェンコとび1回ひねり,	,24,1,1,,,
463,IV402,4,4,抱え込みユルチェンコとび3/2ひねり,	,28,1,2,,,
464,IV403,4,4,抱え込みユルチェンコとび2回ひねり,	,32,1,3,,,
465,IV404,4,4,伸身ユルチェンコとび1回ひねり,	,36,1,4,,,
466,IV405,4,4,伸身ユルチェンコとび3/2ひねり,	,40,1,5,,,
467,IV406,4,4,伸身ユルチェンコとび2回ひねり,	,44,1,6,,,
468,IV407,4,4,伸身ユルチェンコとび5/2ひねり,シューフェルト,48,2,1,,,
469,IV408,4,4,伸身ユルチェンコとび3回ひねり,シライ/キムヒフン,52,2,2,,,
470,IV409,4,4,伸身ユルチェンコとび7/2ひねり,シライ2,56,2,3,,,
471,IV413,4,4,ロンダート、後ろとびひねり着手前転とび前方抱え込み宙返りひねり,	,26,3,1,,,
472,IV414,4,4,ロンダート、後ろとびひねり着手前転とび前方屈身宙返りひねり,ネモフ,30,3,2,,,
473,IV415,4,4,ロンダート、後ろとびひねり着手前転とび前方伸身宙返りひねり,ハッチェオン,38,3,3,,,
474,IV416,4,4,ロンダート、後ろとびひねり着手前転とび前方伸身宙返り1回ひねり,	,42,3,4,,,
475,IV417,4,4,ロンダート、後ろとびひねり着手前転とび前方伸身宙返り3/2ひねり,	,46,3,5,,,
476,IV419,4,4,ロンダート、後ろとびひねり着手前転とび前方伸身宙返り2回ひねり,	,50,4,1,,,
477,IV420,4,4,ロンダート、後ろとびひねり着手前転とび前方伸身宙返り5/2ひねり,リー・シャオペン,54,4,2,,,
478,V501,4,5,ロンダート、後転とび,	,12,1,1,,,
479,V502,4,5,ロンダート、後転とびひねり,	,14,1,2,,,
480,V503,4,5,ロンダート、後転とび1回ひねり,	,16,1,3,,,
481,V507,4,5,ロンダート、後転とび後方抱え込み宙返り,ユルチェンコ,18,2,1,,,
482,V508,4,5,ロンダート、後転とび後方抱え込み宙返りひねり,	,20,2,2,,,
483,V509,4,5,屈身ユルチェンコとび,	,20,2,3,,,
484,V510,4,5,伸身ユルチェンコとび,	,28,2,4,,,
485,V511,4,5,伸身ユルチェンコとびひねり,	,32,2,5,,,
486,V513,4,5,ロンダート、後ろとびひねり着手前転とび,	,14,3,1,,,
487,V514,4,5,ロンダート、後ろとびひねり着手前転とびひねり,	,16,3,2,,,
488,V515,4,5,ロンダート、後ろとびひねり着手前転とび1回ひねり,	,18,3,3,,,
489,V516,4,5,ロンダート、後ろとびひねり着手前転とび前方抱え込み宙返り,	,22,3,4,,,
490,V517,4,5,ロンダート、後ろとびひねり着手前転とび前方屈身宙返り,	,26,3,5,,,
491,V518,4,5,ロンダート、後ろとびひねり着手前転とび前方伸身宙返り,	,34,3,6,,,
492,V519,4,5,ロンダート、後転とび後方抱え込み2回宙返り,メリサニディス,48,4,1,,,
493,V520,4,5,ロンダート、後転とび後方屈身2回宙返り,ヤン・ウェイ,52,4,2,,,
494,V521,4,5,ロンダート、後ろとびひねり着手前転とび前方抱え込み2回宙返り,	,50,4,3,,,
495,I1,5,1,前振り上がり,,1,1,1,,,
496,I2,5,1,前振り上がり開脚抜き倒立,,2,1,2,,,
497,I3,5,1,"前振り上がり開脚抜き懸垂",ムンテアン,3,1,3,,,
498,I5,5,1,前振り上がりひねり倒立,,5,1,5,,,52
499,I6,5,1,前振り上がり3/4ひねり倒立,,6,1,6,,,52
500,I7,5,1,前振り上がり1/4ひねり単棒横向き懸垂,,1,2,1,,,
501,I8,5,1,前振りとび上向き天候支持,ワタナベ,2,2,2,,,
502,I11,5,1,前振り上がり片腕支持3/4ひねり単棒横向き倒立経過、片腕支持3/4ひねり腕支持,,5,2,5,,,52
503,I12,5,1,前振り上がり片腕支持3/4ひねり単棒横向き倒立経過、片腕支持3/4ひねり支持,ツォラキディス1,7,2,7,,,52
504,I14,5,1,ほん転倒立,,2,3,2,,,
505,I15,5,1,ほん転1/4ひねり単棒倒立	,コフトゥン,3,3,3,,,52
506,I17,5,1,前振り上がり片腕支持1回ひねり倒立(リチャード),,5,3,5,,,52
507,I18,5,1,前振り上がり片腕支持5/4ひねり単棒横向き倒立経過、1/4ひねり倒立,ツォラキディス2,6,3,6,,,52
508,I20,5,1,ほん転開脚入れ腕支持,,2,4,2,,,
509,I21,5,1,ほん転開脚入れ支持,,3,4,3,,,
510,I24,5,1,前振り上がり後方かかえ込み2回宙返り腕支持,ドミトリエンコ,6,4,6,,,39
511,I30,5,1,前振り上がり後方屈身2回宙返り腕支持,リ・シャオペン,7,5,7,,,39
512,I34,5,1,前振り上がり後方かかえ込み宙返りひねり腕支持,ハラダ,4,6,4,,,40
513,I35,5,1,前振り上がり後方かかえ込み宙返りひねり懸垂,ダルトン	,5,6,5,,,40
514,I38,5,1,後ろ振り上がり倒立(ひねり倒立),,2,7,2,,,
515,I39,5,1,後ろ振り上がりとびひねり倒立,,3,7,3,,,
516,I40,5,1,後ろ振り上がりとび3/4ひねり単棒横向き倒立,,4,7,4,,,
517,I44,5,1,後ろ振り上がりひねり開脚抜き腕支持,,2,8,2,,,
518,I45,5,1,後ろ振り上がりひねり開脚抜き支持,,3,8,3,,,
519,I50,5,1,後ろ振り上がりひねり支持,,2,9,2,,,
520,I51,5,1,後ろ振り上がり前方5/4宙返り腕支持,ヤマワキ,3,9,3,,,41
521,I52,5,1,後ろ振り上がり前方屈身宙返り支持,ホンマ,4,9,4,,,
522,I54,5,1,後ろ振り上がり前方かかえ込み2回宙返り腕支持,,6,9,6,,,
523,I59,5,1,後ろ振り上がり前方開脚5/4宙返り腕支持,パフニュク,5,10,5,,,41
524,I60,5,1,後ろ振り上がり前方開脚5/4宙返り直接懸垂,パフニュク2	,6,10,6,,,41
525,I61,5,1,後ろ振り上がり開脚入れ屈腕支持,,1,11,1,,,
526,I62,5,1,後ろ振り上がり開脚入れ伸腕支持,,2,11,2,,,
527,II1,5,2,後ろ振り倒立,,1,1,1,,,
528,II2,5,2,屈腕前振り上向き転向,カトウ,2,1,2,,,
529,II3,5,2,前振りひねり倒立(両棒or単棒),ツイスト,3,1,3,,,
530,II4,5,2,前振り1/4ひねり単棒倒立,ビロゼルチェフ,4,1,4,,,
531,II4,5,2,後方棒上宙返り1/4ひねり単棒倒立	,ピータース	,4,2,4,,,
532,II4,5,2,前振り3/4ひねりとび（軸手と反対側の）単棒倒立,ディミッチ,4,3,4,,,
533,II7,5,2,脚前挙支持(2秒),,1,2,1,,,
534,II8,5,2,屈腕伸身力倒立(2秒),,2,2,2,,,
535,II8,5,2,伸腕屈身力倒立(2秒),,2,3,2,,,
536,II9,5,2,ディアミドフひねり腕支持,サラサール,3,2,3,,,
537,II10,5,2,前振り片腕支持3/4ひねり単棒倒立経過背面とび懸垂,デ・フレイタス,4,4,4,,,
538,II13,5,2,支持前振り開脚抜き支持,,1,4,1,,,
539,II14,5,2,支持前振り開脚抜き倒立,,2,4,2,,,
540,II15,5,2,前振り開脚抜き直接懸垂,バボス,3,4,3,,,
541,II19,5,2,支持後ろ振り開脚入れ(支持or脚前挙支持:2秒),,1,5,1,,,
542,II27,5,2,前振り片腕支持1回ひねり倒立,ディアミドフ,3,6,3,,,
543,II28,5,2,前振り片腕5/4ひねり単棒倒立,,4,6,4,,,
544,II28,5,2,前振り片腕5/4ひねり単棒倒立直ちに1/4ひねり両棒倒立,,4,6,4,,,
545,II32,5,2,前振り1回ひねり腕支持,カルミニッチ,2,7,2,,,
546,II33,5,2,前振り片腕支持3/4ひねり単棒倒立直ちに片腕3/4ひねり腕支持,マクーツ腕支持,3,7,3,,,
547,II34,5,2,前振り片腕支持5/4ひねり単棒倒立経過、軸手を換えて片腕支持5/4ひねり腕支持,ゾンダーランド腕支持,4,7,4,,,
548,II35,5,2,前振り片腕支持3/4ひねり単棒倒立経過、軸手を換えて片腕支持3/4ひねり支持,マクーツ,5,7,5,,,
549,II36,5,2,前振り片腕支持5/4ひねり単棒倒立経過、軸手を換えて片腕支持5/4ひねり支持,ゾンダーランド,6,7,6,,,
550,II38,5,2,前振りとび肩転移支持,カルバロ,2,8,2,,,
551,II39,5,2,後方棒上宙返り倒立,,3,8,3,,,
552,II40,5,2,後方棒上宙返り開脚入れ支持,,4,8,4,,,
553,II45,5,2,後方棒上宙返りひねり腕支持	,ツミロビッチ,3,9,3,,,
554,II46,5,2,後方棒上宙返り単棒縦向き倒立,ルンブティス,4,9,4,,,
555,II47,5,2,後方棒上かかえ込み2回宙返り腕支持,モリスエ,5,9,5,,,42
556,II48,5,2,後方棒上屈身2回宙返り腕支持,ファン・リーピン,6,9,6,,,42
557,II52,5,2,後方棒上かかえ込み3/2宙返りひねり腕支持,スアレス,4,10,4,,,
558,II54,5,2,後方棒上かかえ込み2回宙返りひねり腕支持	,クアヴィタ,7,10,7,,,
559,II56,5,2,倒立1/4ひねり直ちに片腕支持3/4ひねり支持,,2,11,2,,,
560,II57,5,2,倒立3/4ひねり直ちに片腕支持3/4ひねり支持,ブランドストローム,3,11,3,,,
561,II62,5,2,後ろ振りひねり支持,,2,12,2,,,
562,II63,5,2,後ろ振り倒立経過ひねり支持(ノビコフ),,3,12,3,,,
563,II69,5,2,後ろ振りひねり開脚抜き支持,,3,13,3,,,
564,II73,5,2,後ろ振り片腕支持1回ひねり腕支持,ヒーリー腕支持,1,14,1,,,
565,II74,5,2,単棒倒立から片腕支持1回ひねり腕支持,,2,14,2,,,53
566,II75,5,2,後ろ振り片腕支持1回ひねり支持,ヒーリー,3,14,3,,,
567,II76,5,2,単棒倒立から片腕支持1回ひねり支持,ベジェナル,4,14,4,,,53
568,II81,5,2,後ろ振りとびひねり倒立,,3,15,3,,,
569,II82,5,2,後ろ振りとび3/4ひねり倒立,,4,15,4,,,
570,II83,5,2,後ろ振りとび1回ひねり倒立,ギャツスン,5,15,5,,,
571,II84,5,2,後ろ振りとび5/4ひねり倒立直ちに1/4ひねり倒立,ギャツスン2,6,15,6,,,
572,II86,5,2,単棒倒立から(1/2or3/4)ひねり倒立,,2,16,2,,,
573,II91,5,2,後ろ振りひねり倒立(or2秒),,1,17,1,,,
574,II92,5,2,正倒立1回ひねり倒立,,2,17,2,,,
575,II99,5,2,倒立から肩転移支持,カルバロ2,3,18,3,,,
576,II101,5,2,前方開脚5/4宙返り支持経過懸垂,リ・チョルホン,5,18,5,,,43
577,II101,5,2,前方開脚5/4宙返り直接懸垂,ササキ,5,19,5,,,43
578,II104,5,2,前方(かかえ込みor屈身)5/4宙返り腕支持,,2,20,2,,,
579,II105,5,2,前方宙返り支持,,3,20,3,,,
580,II106,5,2,前方開脚5/4宙返り腕支持,爆弾カット,4,20,4,,,43
581,II107,5,2,前方開脚5/4宙返り支持,,5,20,5,,,43
582,II111,5,2,前方屈身5/4宙返り懸垂,フアレス2,3,21,3,,,43
583,II113,5,2,前方かかえ込み2回宙返り腕支持,,5,21,5,,,44
584,II114,5,2,前方屈身2回宙返り腕支持,,6,21,6,,,44
585,II117,5,2,前方伸身5/4宙返り腕支持,,3,22,3,,,43
586,II119,5,2,前方宙返り1回ひねり腕支持	,ウルジカ,5,22,5,,,
587,III3,5,3,倒立から振り下ろし懸垂前振り上がり開脚抜き腕支持,アルサディ,3,1,3,,,
588,III4,5,3,倒立から振り下ろし懸垂前振り上がり開脚抜き倒立,チッペルト,4,1,4,,,
589,III5,5,3,倒立から振り下ろし懸垂前振り上がり開脚抜き懸垂,バブサー,5,1,5,,,
590,III8,5,3,倒立から振り下ろし懸垂前振り上がり開脚抜きひねり腕支持,,2,2,2,,,
591,III9,5,3,倒立から振り下ろし懸垂前振り上がり1回ひねり腕支持,ノレット,3,2,3,,,
592,III10,5,3,倒立から振り下ろし懸垂前振り上がり前方宙返り腕支持,ヒラルド,4,2,4,,,
593,III14,5,3,倒立から屈膝で振り下ろし懸垂前振り上がり支持        ,,2,3,2,,,
594,III15,5,3,倒立から伸膝で振り下ろし懸垂前振り上がり支持	,モイ,3,3,3,,,
595,III21,5,3,後方車輪倒立	,ケンモツ,3,4,3,,,50
596,III21,5,3,後方背面車輪倒立	,ウェルス,3,4,3,,,50
597,III22,5,3,後方車輪単棒縦向き倒立,ピアスキー,4,4,4,,,50
598,III29,5,3,後方車輪片腕支持1回ひねり倒立,車輪ディアミ,5,5,5,,,50
599,III30,5,3,後方車輪片腕支持5/4ひねり単棒横向き倒立,,6,5,6,,,50
600,III38,5,3,後方伸身宙返り懸垂,,2,6,2,,,
601,III39,5,3,懸垂前振り後方宙返りひねり腕支持,グシケン,3,6,3,,,
602,III40,5,3,懸垂前振り後方宙返りひねり支持,マリニチ,4,6,4,,,
603,III42,5,3,後方車輪片腕支持1回ひねり単棒倒立,,6,6,6,,,50
604,III46,5,3,懸垂前振り片腕支持3/4ひねり単棒倒立経過、軸手を換えて片腕支持3/4ひねり腕支持,ダウザー	,4,7,4,,,50
605,III48,5,3,懸垂前振り片腕支持3/4ひねり単棒倒立経過、軸手を換えて片腕支持3/4ひねり支持,バウマン,6,7,6,,,50
606,III50,5,3,後方車輪開脚入れ腕支持,,2,8,2,,,
607,III52,5,3,後方車輪開脚入れ支持,コロレフ,4,8,4,,,
608,III53,5,3,懸垂前振り後方かかえ込み宙返りひねり開脚抜き腕支持,ソーサ,5,8,5,,,
609,III59,5,3,懸垂前振り後方かかえ込み2回宙返り腕支持,ベーレ,5,9,5,,,45
610,III60,5,3,懸垂前振り後方屈身2回宙返り腕支持,屈身ベーレ,6,9,6,,,45
611,III66,5,3,懸垂前振り後方かかえ込み2回宙返り1回ひねり腕支持,キンテロ,8,9,8,,,
612,III69,5,3,棒端懸垂前振り後方宙返りひねり懸垂,シャルトロン,3,10,3,,,
613,III70,5,3,懸垂前振り後方宙返りひねり腕支持,,4,10,4,,,46
614,III71,5,3,懸垂前振り後方宙返りひねり懸垂,,5,10,5,,,46
615,III72,5,3,懸垂前振りひねり前方2回宙返り腕支持,タナカ,7,10,7,,,47
616,III73,5,3,け上がり支持,,1,11,1,,,
617,III74,5,3,け上がりひねり支持,,2,11,2,,,
618,III75,5,3,後方け上がり倒立,,3,11,3,,,
619,III77,5,3,懸垂前振り後方かかえ込み宙返りひねり支持,トレス,5,11,5,,,46
620,III78,5,3,懸垂前振りひねり前方屈身2回宙返り腕支持,エスパルサ,8,11,8,,,47
621,III80,5,3,け上がり単棒抜き倒立(両棒or単棒),,2,12,2,,,
622,III81,5,3,け上がり開脚抜き懸垂,オオクボ,3,12,3,,,
623,III83,5,3,懸垂前振り後方伸身宙返りひねり腕支持,フォキン,5,12,5,,,46
624,III86,5,3,単棒横向き前方浮腰上がり開脚浮腰支持経過横向き倒立,,2,13,2,,,
625,III87,5,3,単棒横向き前方浮腰上がり脚前挙支持経過横向き倒立,,3,13,3,,,
626,III88,5,3,単棒横向き前方浮腰閉脚上がり倒立とび3/4ひねり,,4,13,4,,,
627,III92,5,3,単棒横向き前方浮腰上がり脚前挙支持経過とびひねり反対の棒に懸垂,リー・ドンファ,2,14,2,,,
628,III97,5,3,棒下振り出し腕支持,,1,15,1,,,
629,III98,5,3,棒下振り出し支持,,2,15,2,,,
630,III99,5,3,棒下宙返りひねり腕支持,,3,15,3,,,
631,III100,5,3,棒下宙返りひねり支持,,4,15,4,,,
632,III104,5,3,棒下振り出しひねり腕支持,,2,16,2,,,
633,III105,5,3,棒下振り出しひねり支持,,3,16,3,,,
634,III106,5,3,棒下宙返り倒立,,4,16,4,,,51
635,III106,5,3,棒下宙返り背面倒立経過とび倒立,クシェラ/セレン,4,17,4,,,51
636,III107,5,3,棒下宙返り(3/4 or 1/2)ひねり倒立,,5,16,5,,,51
637,III108,5,3,棒下宙返り1回ひねり倒立 ,テンハイビン,6,16,6,,,51
638,III111,5,3,棒下振り出し開脚抜き倒立 ,アリカン,3,17,3,,,
639,III114,5,3,棒下宙返り5/4ひねり倒立	,チョウ・シーション,7,17,7,,,51
640,III115,5,3,棒下宙返り懸垂,,1,18,1,,,
641,III116,5,3,棒下宙返り支持,,2,18,2,,,
642,III117,5,3,棒下宙返り開脚入れ支持,,3,18,3,,,
643,III119,5,3,棒下宙返り単棒倒立(2秒) ,シャルロ,5,18,5,,,51
644,III120,5,3,棒下宙返り3/4ひねり単棒倒立経過、軸手を換えて片腕支持3/4ひねり支持,ヤマムロ	,7,18,7,,,51
645,III122,5,3,棒下宙返り、かかえ込み姿勢でひねり腕支持,ギャニオン,2,19,2,,,48
646,III123,5,3,棒下宙返り、伸身姿勢でひねり腕支持,ギャニオン2,3,19,3,,,48
647,III125,5,3,棒下宙返り直接かかえ込み宙返り腕支持 ,テハダ,5,19,5,,,49
648,III126,5,3,棒下宙返り後方屈身宙返り腕支持	,フアレス,6,19,6,,,49
649,III127,5,3,前方棒下宙返り支持,,1,20,1,,,
650,III128,5,3,前方棒下宙返りひねり支持,,2,20,2,,,
651,III130,5,3,横向き逆上がり倒立1/4ひねり倒立,,4,20,4,,,51
652,III131,5,3,横向き逆上がり倒立3/4ひねり倒立,ニューエン,5,20,5,,,51
653,III137,5,3,横向き逆上がり単棒倒立経過、片腕支持3/4ひねり支持,マローン,5,21,5,,,51
654,IV1,5,4,前方(屈身or伸身)宙返り下り,,1,1,1,,,
655,IV1,5,4,前方(屈身or伸身)宙返りひねり下り,,1,2,1,,,
656,IV5,5,4,前方かかえ込み2回宙返り下り,,5,1,5,,,
657,IV6,5,4,前方屈身2回宙返り下り,ベルヤフスキー,6,1,6,,,
658,IV8,5,4,前方(屈身or伸身)宙返り1回ひねり下り,,2,2,2,,,
659,IV9,5,4,前方(屈身or伸身)宙返り3/2ひねり下り,,3,2,3,,,
660,IV10,5,4,前方(屈身or伸身)宙返り2回ひねり下り,,4,2,4,,,
661,IV10,5,4,前方(屈身or伸身)宙返り5/2ひねり下り,,4,3,4,,,
662,IV11,5,4,前方かかえ込み2回宙返りひねり下り,,5,2,5,,,
663,IV11,5,4,支持前振りひねり後方かかえ込み2回宙返り下り,,5,3,5,,,
664,IV12,5,4,前方かかえ込み2回宙返り1回ひねり下り,ラルドゥエト,7,3,7,,,
665,IV15,5,4,棒端で前方かかえ込み2回宙返り下り,,3,4,3,,,
666,IV18,5,4,前方屈身2回宙返りひねり下り,ダラロヤン,6,4,6,,,
667,IV19,5,4,後方(屈身or伸身)宙返り下り,,1,5,1,,,
668,IV19,5,4,後方(屈身or伸身)宙返りひねり下り,,1,6,1,,,
669,IV21,5,4,後方(屈身or伸身)宙返り1回ひねり下り,,3,5,3,,,
670,IV21,5,4,後方(屈身or伸身)宙返り3/2ひねり下り,,3,6,3,,,
671,IV22,5,4,後方伸身宙返り2回ひねり下り,カン,4,6,4,,,
672,IV28,5,4,後ろ振り片腕支持ひねり後方(かかえ込みor屈身)宙返り下り ,ロースリスバーガー,4,7,4,,,
673,IV32,5,4,棒端後方かかえ込み2回宙返り下り,,2,8,2,,,
674,IV33,5,4,後方かかえ込み2回宙返り下り,,3,8,3,,,
675,IV34,5,4,後方屈身2回宙返り下り,,4,8,4,,,
676,IV36,5,4,後方かかえ込み2回宙返り1回ひねり下り,カトウヒロユキ,7,8,7,,,
677,IV40,5,4,後方かかえ込み2回宙返りひねり下り,,4,9,4,,,
678,IV43,5,4,棒端、懸垂前振り後方伸身宙返り下り,,1,10,1,,,
679,IV45,5,4,棒端、懸垂前振り後方かかえ込み2回宙返り下り,,3,10,3,,,
680,IV46,5,4,棒端、懸垂前振り後方屈身2回宙返り下り,,4,10,4,,,
681,IV47,5,4,棒端、懸垂前振り後方伸身2回宙返り下り,,5,10,5,,,
682,IV48,5,4,棒端、懸垂前振り後方かかえ込み3回宙返り下り,,7,10,7,,,
683,IV53,5,4,棒端、懸垂前振り後方かかえ込み2回宙返りひねり下り,,5,11,5,,,
684,IV53,5,4,棒端、懸垂前振り後方かかえ込み2回宙返り1回ひねり下り,,5,12,5,,,
685,IV54,5,4,棒端、懸垂前振り後方かかえ込み2回宙返り2回ひねり下り,,6,11,6,,,